day,equity,return_pct,price_pct,funding_pct,cost_pct,gross,net
2025-01-01,9991.86,-0.081,0.0,-0.0,0.081,0.814,0.386
2025-01-02,10040.7,0.489,0.52,-0.0,0.031,0.885,0.442
2025-01-03,10207.03,1.657,1.693,-0.0,0.036,0.88,0.455
2025-01-04,10244.14,0.364,0.39,-0.0,0.026,0.864,0.445
2025-01-05,10249.79,0.055,0.084,-0.0,0.029,0.863,0.442
2025-01-06,10442.83,1.883,1.911,-0.0,0.028,0.88,0.455
2025-01-07,10152.3,-2.782,-2.712,-0.0,0.07,0.8,0.311
2025-01-08,10113.02,-0.387,-0.312,-0.0,0.075,0.849,0.372
2025-01-09,10000.89,-1.109,-1.019,-0.0,0.09,0.769,0.175
2025-01-10,9994.37,-0.065,0.028,-0.0,0.093,0.841,0.356
2025-01-11,10086.06,0.917,0.958,-0.0,0.04,0.833,0.349
2025-01-12,10089.87,0.038,0.075,-0.0,0.037,0.832,0.317
2025-01-13,10031.49,-0.579,-0.539,-0.0,0.04,0.78,0.31
2025-01-14,10085.21,0.535,0.581,-0.0,0.046,0.827,0.385
2025-01-15,10288.58,2.017,2.05,-0.0,0.033,0.826,0.422
2025-01-16,10262.45,-0.254,-0.224,-0.0,0.03,0.793,0.403
2025-01-17,10420.72,1.542,1.58,-0.0,0.037,0.89,0.466
2025-01-18,10628.04,1.989,2.034,-0.0,0.045,0.873,0.489
2025-01-19,10349.41,-2.622,-2.562,-0.0,0.059,0.843,0.434
2025-01-20,10467.98,1.146,1.198,-0.0,0.052,0.829,0.476
2025-01-21,10586.4,1.131,1.162,-0.0,0.031,0.88,0.444
2025-01-22,10517.73,-0.649,-0.613,-0.0,0.036,0.876,0.418
2025-01-23,10552.75,0.333,0.372,-0.0,0.039,0.889,0.4
2025-01-24,10502.95,-0.472,-0.437,-0.0,0.035,0.863,0.414
2025-01-25,10498.38,-0.043,-0.009,-0.0,0.035,0.905,0.441
2025-01-26,10323.07,-1.67,-1.638,-0.0,0.032,0.865,0.408
2025-01-27,10317.94,-0.05,-0.018,-0.0,0.031,0.863,0.376
2025-01-28,10278.85,-0.379,-0.265,-0.0,0.114,0.889,0.185
2025-01-29,10383.81,1.021,1.121,-0.0,0.1,0.87,0.519
2025-01-30,10540.02,1.504,1.532,-0.0,0.027,0.884,0.549
2025-01-31,10540.78,0.007,0.05,-0.0,0.043,0.882,0.439
2025-02-01,10449.01,-0.871,-0.763,-0.0,0.108,0.794,0.223
2025-02-02,10210.56,-2.282,-2.172,-0.0,0.11,1.013,0.272
2025-02-03,10541.5,3.241,3.348,-0.0,0.106,0.936,0.584
2025-02-04,10077.86,-4.398,-4.337,-0.0,0.061,0.871,0.379
2025-02-05,10004.36,-0.729,-0.667,-0.0,0.062,0.778,0.172
2025-02-06,9891.84,-1.125,-1.054,-0.0,0.071,0.752,0.023
2025-02-07,9937.01,0.457,0.532,-0.0,0.075,0.762,0.206
2025-02-08,10108.65,1.727,1.804,-0.0,0.077,0.825,0.383
2025-02-09,10062.36,-0.458,-0.417,-0.0,0.041,0.813,0.328
2025-02-10,10072.57,0.101,0.139,-0.0,0.038,0.828,0.382
2025-02-11,10062.6,-0.099,-0.071,-0.0,0.028,0.81,0.349
2025-02-12,10214.06,1.505,1.529,-0.0,0.024,0.814,0.366
2025-02-13,10118.47,-0.936,-0.904,-0.0,0.031,0.773,0.313
2025-02-14,10153.69,0.348,0.383,-0.0,0.035,0.856,0.407
2025-02-15,10155.16,0.014,0.043,-0.0,0.028,0.826,0.373
2025-02-16,10111.7,-0.428,-0.391,-0.0,0.037,0.831,0.394
2025-02-17,10126.89,0.15,0.187,-0.0,0.037,0.867,0.391
2025-02-18,10043.2,-0.826,-0.782,-0.0,0.045,0.854,0.352
2025-02-19,10030.28,-0.129,-0.09,-0.0,0.038,0.867,0.404
2025-02-20,10072.3,0.419,0.451,-0.0,0.032,0.865,0.463
2025-02-21,9900.35,-1.707,-1.668,-0.0,0.039,0.879,0.413
2025-02-22,10023.95,1.248,1.281,-0.0,0.033,0.876,0.496
2025-02-23,10026.33,0.024,0.062,-0.0,0.038,0.91,0.446
2025-02-24,9646.31,-3.79,-3.645,-0.0,0.145,1.101,0.336
2025-02-25,9860.28,2.218,2.322,-0.0,0.104,0.882,0.658
2025-02-26,9716.42,-1.459,-1.405,-0.0,0.054,0.942,0.648
2025-02-27,9744.16,0.285,0.37,-0.0,0.085,0.787,0.286
2025-02-28,9642.32,-1.045,-1.012,-0.0,0.034,0.793,0.285
2025-03-01,9767.47,1.298,1.356,-0.0,0.058,0.829,0.266
2025-03-02,10377.42,6.245,6.324,-0.0,0.08,0.79,0.417
2025-03-03,9981.82,-3.812,-3.698,-0.0,0.114,0.835,0.448
2025-03-04,9905.32,-0.766,-0.678,-0.0,0.089,0.823,0.661
2025-03-05,10378.71,4.779,4.843,-0.0,0.064,0.851,0.675
2025-03-06,10213.08,-1.596,-1.539,-0.0,0.057,0.767,0.31
2025-03-07,10197.47,-0.153,-0.118,-0.0,0.035,0.787,0.342
2025-03-08,10196.43,-0.01,0.04,-0.0,0.05,0.767,0.298
2025-03-09,9931.83,-2.595,-2.492,-0.0,0.103,0.866,0.163
2025-03-10,9790.86,-1.419,-1.348,-0.0,0.072,0.825,0.177
2025-03-11,9931.45,1.436,1.523,-0.0,0.087,0.826,0.391
2025-03-12,10086.07,1.557,1.604,-0.0,0.047,0.769,0.301
2025-03-13,10073.24,-0.127,-0.063,-0.0,0.064,0.8,0.268
2025-03-14,10220.8,1.465,1.528,-0.0,0.063,0.772,0.363
2025-03-15,10419.2,1.941,1.973,-0.0,0.032,0.77,0.376
2025-03-16,10325.56,-0.899,-0.867,-0.0,0.032,0.776,0.304
2025-03-17,10382.28,0.549,0.59,-0.0,0.04,0.796,0.329
2025-03-18,10405.03,0.219,0.253,-0.0,0.034,0.78,0.29
2025-03-19,10449.92,0.431,0.474,-0.0,0.042,0.798,0.326
2025-03-20,10402.88,-0.45,-0.424,-0.0,0.026,0.783,0.308
2025-03-21,10256.7,-1.405,-1.367,-0.0,0.038,0.787,0.313
2025-03-22,10286.82,0.294,0.331,-0.0,0.037,0.798,0.317
2025-03-23,10284.11,-0.026,-0.0,-0.0,0.026,0.798,0.333
2025-03-24,10391.55,1.045,1.069,-0.0,0.024,0.799,0.356
2025-03-25,10373.21,-0.177,-0.156,-0.0,0.021,0.779,0.357
2025-03-26,10332.17,-0.396,-0.35,-0.0,0.045,0.789,0.325
2025-03-27,10339.68,0.073,0.098,-0.0,0.025,0.793,0.368
2025-03-28,10170.75,-1.634,-1.59,-0.0,0.044,0.813,0.327
2025-03-29,10044.5,-1.241,-1.2,-0.0,0.041,0.771,0.257
2025-03-30,9984.86,-0.594,-0.542,-0.0,0.052,0.772,0.291
2025-03-31,10043.1,0.583,0.637,-0.0,0.053,0.812,0.336
2025-04-01,10089.08,0.458,0.502,-0.0,0.044,0.843,0.373
2025-04-02,9936.6,-1.511,-1.415,-0.0,0.096,0.783,0.189
2025-04-03,9941.04,0.045,0.137,-0.0,0.093,0.8,0.319
2025-04-04,10014.88,0.743,0.793,-0.0,0.051,0.822,0.398
2025-04-05,10004.41,-0.105,-0.057,-0.0,0.048,0.797,0.326
2025-04-06,9699.41,-3.049,-2.93,-0.0,0.119,1.11,0.392
2025-04-07,9866.35,1.721,1.817,-0.0,0.096,0.921,0.635
2025-04-08,9665.49,-2.036,-1.943,-0.0,0.093,0.965,0.415
2025-04-09,10309.87,6.667,6.804,-0.0,0.137,0.805,0.322
2025-04-10,10131.34,-1.732,-1.696,-0.0,0.036,0.786,0.292
2025-04-11,10186.57,0.545,0.586,-0.0,0.041,0.832,0.356
2025-04-12,10333.15,1.439,1.462,-0.0,0.023,0.85,0.379
2025-04-13,10331.98,-0.011,0.021,-0.0,0.032,0.822,0.344
2025-04-14,10300.63,-0.303,-0.271,-0.0,0.033,0.812,0.344
2025-04-15,10236.37,-0.624,-0.585,-0.0,0.038,0.775,0.283
2025-04-16,10198.31,-0.372,-0.332,-0.0,0.04,0.798,0.331
2025-04-17,10212.95,0.144,0.171,-0.0,0.028,0.808,0.344
2025-04-18,10252.21,0.384,0.422,-0.0,0.037,0.855,0.383
2025-04-19,10252.18,-0.0,0.033,-0.0,0.033,0.868,0.427
2025-04-20,10242.54,-0.094,-0.071,-0.0,0.023,0.859,0.401
2025-04-21,10335.48,0.907,0.941,-0.0,0.033,0.88,0.403
2025-04-22,10487.22,1.468,1.501,-0.0,0.033,0.892,0.439
2025-04-23,10519.05,0.304,0.323,-0.0,0.019,0.916,0.443
2025-04-24,10463.69,-0.526,-0.501,-0.0,0.025,0.902,0.436
2025-04-25,10404.19,-0.569,-0.55,-0.0,0.019,0.905,0.433
2025-04-26,10344.63,-0.572,-0.548,-0.0,0.024,0.905,0.444
2025-04-27,10245.65,-0.957,-0.924,-0.0,0.032,0.884,0.41
2025-04-28,10300.36,0.534,0.568,-0.0,0.034,0.9,0.439
2025-04-29,10270.85,-0.287,-0.258,-0.0,0.029,0.891,0.402
2025-04-30,10133.83,-1.334,-1.303,-0.0,0.031,0.871,0.406
2025-05-01,10329.85,1.934,1.964,-0.0,0.03,0.896,0.428
2025-05-02,10291.24,-0.374,-0.352,-0.0,0.021,0.906,0.438
2025-05-03,10291.1,-0.001,0.051,-0.0,0.053,0.85,0.366
2025-05-04,10237.9,-0.517,-0.469,-0.0,0.048,0.837,0.377
2025-05-05,10244.47,0.064,0.108,-0.0,0.044,0.848,0.408
2025-05-06,10387.43,1.395,1.441,-0.0,0.045,0.869,0.446
2025-05-07,10387.6,0.002,0.034,-0.0,0.032,0.904,0.432
2025-05-08,10715.63,3.158,3.214,-0.0,0.056,0.956,0.552
2025-05-09,10894.57,1.67,1.702,-0.0,0.032,0.982,0.585
2025-05-10,11184.14,2.658,2.694,-0.0,0.036,0.99,0.597
2025-05-11,10995.23,-1.689,-1.655,-0.0,0.034,0.962,0.52
2025-05-12,11101.57,0.967,1.003,-0.0,0.035,0.957,0.546
2025-05-13,11184.85,0.75,0.776,-0.0,0.025,0.932,0.56
2025-05-14,11096.74,-0.788,-0.736,-0.0,0.052,0.876,0.465
2025-05-15,11060.81,-0.324,-0.262,-0.0,0.061,0.913,0.462
2025-05-16,11024.04,-0.332,-0.285,-0.0,0.047,0.91,0.429
2025-05-17,10978.09,-0.417,-0.338,-0.0,0.079,0.783,0.181
2025-05-18,10959.79,-0.167,-0.072,-0.0,0.095,0.924,0.548
2025-05-19,10918.42,-0.377,-0.336,-0.0,0.041,0.908,0.468
2025-05-20,10845.56,-0.667,-0.627,-0.0,0.04,0.928,0.505
2025-05-21,10994.54,1.374,1.396,-0.0,0.023,0.932,0.53
2025-05-22,11122.91,1.168,1.199,-0.0,0.031,0.981,0.585
2025-05-23,10839.75,-2.546,-2.501,-0.0,0.045,0.924,0.52
2025-05-24,10872.77,0.305,0.342,-0.0,0.037,0.918,0.532
2025-05-25,10885.18,0.114,0.141,-0.0,0.027,0.903,0.522
2025-05-26,10883.04,-0.02,0.009,-0.0,0.028,0.93,0.507
2025-05-27,10929.59,0.428,0.45,-0.0,0.022,0.947,0.523
2025-05-28,10864.38,-0.597,-0.568,-0.0,0.029,0.919,0.496
2025-05-29,10770.37,-0.865,-0.81,-0.0,0.056,0.857,0.386
2025-05-30,10712.08,-0.541,-0.421,-0.0,0.12,0.928,0.349
2025-05-31,10776.48,0.601,0.706,-0.0,0.104,0.872,0.642
2025-06-01,10834.54,0.539,0.56,-0.0,0.021,0.861,0.665
2025-06-02,10910.39,0.7,0.738,-0.0,0.038,0.864,0.452
2025-06-03,10928.53,0.166,0.186,-0.0,0.02,0.878,0.462
2025-06-04,10887.08,-0.379,-0.351,-0.0,0.029,0.858,0.427
2025-06-05,10733.36,-1.412,-1.295,-0.0,0.117,0.735,0.012
2025-06-06,10727.27,-0.057,0.065,-0.0,0.122,0.815,0.381
2025-06-07,10746.73,0.181,0.217,-0.0,0.035,0.835,0.43
2025-06-08,10803.23,0.526,0.546,-0.0,0.021,0.846,0.451
2025-06-09,10929.72,1.171,1.199,-0.0,0.028,0.923,0.52
2025-06-10,10936.77,0.065,0.088,-0.0,0.024,0.957,0.561
2025-06-11,10891.52,-0.414,-0.398,-0.0,0.015,0.95,0.557
2025-06-12,10739.67,-1.394,-1.37,-0.0,0.024,0.836,0.451
2025-06-13,10734.8,-0.045,-0.005,-0.0,0.04,0.828,0.402
2025-06-14,10699.43,-0.33,-0.3,-0.0,0.029,0.82,0.38
2025-06-15,10765.12,0.614,0.657,-0.0,0.043,0.859,0.449
2025-06-16,10832.46,0.626,0.66,-0.0,0.035,0.896,0.456
2025-06-17,10770.44,-0.573,-0.487,-0.0,0.086,0.794,0.247
2025-06-18,10757.01,-0.125,-0.05,-0.0,0.074,0.84,0.419
2025-06-19,10824.33,0.626,0.673,-0.0,0.047,0.846,0.378
2025-06-20,10779.29,-0.416,-0.362,-0.0,0.054,0.825,0.341
2025-06-21,10743.29,-0.334,-0.258,-0.0,0.076,0.771,0.189
2025-06-22,10651.36,-0.856,-0.77,-0.0,0.086,0.717,0.015
2025-06-23,10786.9,1.272,1.387,-0.0,0.114,0.832,0.403
2025-06-24,10826.31,0.365,0.39,-0.0,0.025,0.836,0.413
2025-06-25,10843.3,0.157,0.183,-0.0,0.027,0.848,0.435
2025-06-26,10821.18,-0.204,-0.163,-0.0,0.041,0.82,0.378
2025-06-27,10829.18,0.074,0.117,-0.0,0.043,0.86,0.424
2025-06-28,10765.48,-0.588,-0.56,-0.0,0.028,0.883,0.454
2025-06-29,10770.26,0.044,0.075,-0.0,0.03,0.951,0.531
2025-06-30,10786.29,0.149,0.169,-0.0,0.02,0.938,0.52
2025-07-01,10680.27,-0.983,-0.964,-0.0,0.019,0.851,0.431
2025-07-02,10784.51,0.976,1.003,-0.0,0.027,0.9,0.477
2025-07-03,10797.42,0.12,0.142,-0.0,0.022,0.953,0.54
2025-07-04,10707.35,-0.834,-0.812,-0.0,0.022,0.899,0.477
2025-07-05,10721.35,0.131,0.156,-0.0,0.026,0.903,0.5
2025-07-06,10811.74,0.843,0.87,-0.0,0.027,0.906,0.511
2025-07-07,10798.76,-0.12,-0.099,-0.0,0.021,0.92,0.52
2025-07-08,10865.36,0.617,0.639,-0.0,0.022,0.951,0.546
2025-07-09,11030.0,1.515,1.543,-0.0,0.027,1.044,0.636
2025-07-10,11244.55,1.945,1.973,-0.0,0.028,1.055,0.644
2025-07-11,11313.71,0.615,0.636,-0.0,0.021,1.057,0.634
2025-07-12,11286.92,-0.237,-0.201,-0.0,0.036,1.022,0.587
2025-07-13,11358.95,0.638,0.67,-0.0,0.032,1.018,0.619
2025-07-14,11385.8,0.236,0.257,-0.0,0.02,1.048,0.636
2025-07-15,11336.13,-0.436,-0.419,-0.0,0.017,1.017,0.604
2025-07-16,11519.32,1.616,1.644,-0.0,0.028,1.038,0.646
2025-07-17,11850.61,2.876,2.911,-0.0,0.035,1.004,0.626
2025-07-18,11908.97,0.492,0.521,-0.0,0.029,1.003,0.612
2025-07-19,12063.54,1.298,1.334,-0.0,0.036,0.961,0.595
2025-07-20,12232.49,1.4,1.427,-0.0,0.027,1.001,0.602
2025-07-21,12295.35,0.514,0.539,-0.0,0.025,1.001,0.612
2025-07-22,12423.42,1.042,1.07,-0.0,0.028,0.98,0.614
2025-07-23,12179.41,-1.964,-1.891,-0.0,0.073,0.95,0.457
2025-07-24,12241.75,0.512,0.611,-0.0,0.099,1.016,0.61
2025-07-25,12268.8,0.221,0.273,-0.0,0.052,0.984,0.644
2025-07-26,12318.37,0.404,0.44,-0.0,0.036,1.059,0.67
2025-07-27,12592.17,2.223,2.254,-0.0,0.032,1.033,0.595
2025-07-28,12425.11,-1.327,-1.281,-0.0,0.045,0.963,0.478
2025-07-29,12389.72,-0.285,-0.237,-0.0,0.047,0.907,0.388
2025-07-30,12289.38,-0.81,-0.755,-0.0,0.055,0.929,0.412
2025-07-31,12202.86,-0.704,-0.643,-0.0,0.061,0.853,0.303
2025-08-01,12091.25,-0.915,-0.848,-0.0,0.066,0.814,0.266
2025-08-02,12012.69,-0.65,-0.575,-0.0,0.075,0.75,0.115
2025-08-03,12048.39,0.297,0.398,-0.0,0.101,0.895,0.474
2025-08-04,12297.49,2.068,2.111,-0.0,0.043,0.871,0.482
2025-08-05,12189.77,-0.876,-0.839,-0.0,0.037,0.846,0.444
2025-08-06,12296.53,0.876,0.913,-0.0,0.037,0.877,0.469
2025-08-07,12538.53,1.968,2.011,-0.0,0.043,0.909,0.51
2025-08-08,12574.42,0.286,0.316,-0.0,0.029,0.896,0.519
2025-08-09,12540.53,-0.27,-0.242,-0.0,0.028,0.925,0.564
2025-08-10,12627.37,0.693,0.716,-0.0,0.024,0.893,0.538
2025-08-11,12560.35,-0.531,-0.501,-0.0,0.03,0.923,0.543
2025-08-12,13048.02,3.883,3.912,-0.0,0.029,0.926,0.574
2025-08-13,13308.53,1.997,2.026,-0.0,0.03,0.933,0.596
2025-08-14,13049.89,-1.943,-1.893,-0.0,0.05,0.871,0.554
2025-08-15,12913.41,-1.046,-1.003,-0.0,0.043,0.926,0.564
2025-08-16,12978.24,0.502,0.548,-0.0,0.046,0.912,0.584
2025-08-17,13003.78,0.197,0.238,-0.0,0.042,0.886,0.51
2025-08-18,12884.44,-0.918,-0.885,-0.0,0.032,0.845,0.423
2025-08-19,12672.84,-1.642,-1.567,-0.0,0.075,0.771,0.224
2025-08-20,12786.63,0.898,0.968,-0.0,0.07,0.883,0.425
2025-08-21,12623.62,-1.275,-1.24,-0.0,0.035,0.846,0.364
2025-08-22,12915.25,2.31,2.365,-0.011,0.044,0.863,0.467
2025-08-23,12836.74,-0.608,-0.569,-0.011,0.028,0.895,0.461
2025-08-24,12840.33,0.028,0.072,-0.015,0.029,0.848,0.423
2025-08-25,12594.04,-1.918,-1.803,-0.012,0.103,0.802,0.188
2025-08-26,12645.02,0.405,0.489,0.005,0.088,0.854,0.437
2025-08-27,12675.49,0.241,0.299,-0.015,0.043,0.773,0.429
2025-08-28,12738.09,0.494,0.56,-0.014,0.053,0.839,0.403
2025-08-29,12583.04,-1.217,-1.15,-0.01,0.057,0.813,0.28
2025-08-30,12614.59,0.251,0.309,-0.001,0.057,0.854,0.324
2025-08-31,12602.12,-0.099,-0.046,-0.009,0.044,0.835,0.291
2025-09-01,12607.06,0.039,0.104,-0.008,0.057,0.795,0.26
2025-09-02,12626.62,0.155,0.228,-0.005,0.067,0.841,0.376
2025-09-03,12630.95,0.034,0.061,-0.01,0.016,0.859,0.392
2025-09-04,12614.44,-0.131,-0.086,-0.01,0.035,0.854,0.307
2025-09-05,12566.26,-0.382,-0.332,-0.006,0.044,0.853,0.351
2025-09-06,12551.73,-0.116,-0.074,-0.006,0.036,0.842,0.368
2025-09-07,12619.53,0.54,0.586,-0.006,0.04,0.865,0.445
2025-09-08,12416.52,-1.609,-1.581,-0.007,0.021,0.91,0.491
2025-09-09,12370.13,-0.374,-0.35,-0.011,0.013,0.88,0.491
2025-09-10,12548.87,1.445,1.487,-0.018,0.024,0.874,0.497
2025-09-11,12625.89,0.614,0.649,-0.016,0.019,0.898,0.519
2025-09-12,12812.21,1.476,1.517,-0.017,0.024,0.894,0.529
2025-09-13,12759.06,-0.415,-0.376,-0.022,0.017,0.913,0.543
2025-09-14,12642.28,-0.915,-0.864,-0.014,0.036,0.909,0.481
2025-09-15,12563.34,-0.624,-0.591,-0.007,0.027,0.902,0.417
2025-09-16,12672.73,0.871,0.91,-0.007,0.032,0.923,0.47
2025-09-17,12731.7,0.465,0.5,-0.011,0.023,0.929,0.524
2025-09-18,12705.62,-0.205,-0.171,-0.011,0.023,0.971,0.578
2025-09-19,12601.12,-0.822,-0.757,-0.017,0.048,0.94,0.513
2025-09-20,12636.27,0.279,0.332,-0.021,0.032,0.906,0.507
2025-09-21,12616.0,-0.16,-0.102,-0.016,0.043,0.917,0.523
2025-09-22,12298.65,-2.516,-2.448,-0.015,0.053,0.89,0.372
2025-09-23,12282.59,-0.131,-0.074,-0.004,0.053,0.836,0.458
2025-09-24,12283.73,0.009,0.057,-0.01,0.038,0.879,0.483
2025-09-25,11989.4,-2.396,-2.293,-0.007,0.096,0.772,0.065
2025-09-26,12019.16,0.248,0.336,0.009,0.097,0.814,0.383
2025-09-27,12009.26,-0.082,-0.022,-0.01,0.05,0.826,0.354
2025-09-28,12110.26,0.841,0.883,-0.001,0.041,0.899,0.505
2025-09-29,12252.02,1.171,1.206,-0.007,0.028,0.907,0.501
2025-09-30,12265.95,0.114,0.152,-0.009,0.029,0.894,0.483
2025-10-01,12476.1,1.713,1.751,-0.007,0.03,0.923,0.531
2025-10-02,12623.57,1.182,1.215,-0.006,0.026,0.967,0.584
2025-10-03,12775.09,1.2,1.247,-0.018,0.028,0.965,0.554
2025-10-04,12691.22,-0.657,-0.618,-0.016,0.022,0.954,0.53
2025-10-05,12744.31,0.418,0.46,-0.017,0.025,0.925,0.513
2025-10-06,12883.88,1.095,1.157,-0.022,0.04,0.902,0.532
2025-10-07,12667.67,-1.678,-1.625,-0.01,0.043,0.926,0.469
2025-10-08,12753.25,0.676,0.722,-0.013,0.033,0.856,0.478
2025-10-09,12687.4,-0.516,-0.462,-0.012,0.042,0.835,0.359
2025-10-10,12163.06,-4.133,-4.01,-0.002,0.121,0.832,0.274
2025-10-11,12139.03,-0.198,-0.167,0.021,0.052,0.834,0.294
2025-10-12,12696.53,4.593,4.7,0.011,0.118,0.964,0.665
2025-10-13,12912.89,1.704,1.756,0.009,0.061,0.799,0.377
2025-10-14,12816.59,-0.746,-0.671,-0.003,0.071,0.798,0.203
2025-10-15,12756.59,-0.468,-0.402,0.011,0.077,0.746,0.078
2025-10-16,12704.09,-0.412,-0.37,0.012,0.053,0.739,0.003
2025-10-17,12741.2,0.292,0.352,0.008,0.068,0.735,0.086
2025-10-18,12700.97,-0.316,-0.262,0.011,0.065,0.801,0.302
2025-10-19,12727.74,0.211,0.229,0.014,0.032,0.797,0.309
2025-10-20,12878.62,1.185,1.237,-0.001,0.051,0.81,0.321
2025-10-21,12834.44,-0.343,-0.292,-0.002,0.049,0.815,0.28
2025-10-22,12814.53,-0.155,-0.091,0.001,0.065,0.79,0.088
2025-10-23,12902.93,0.69,0.785,-0.002,0.094,0.805,0.365
2025-10-24,13008.18,0.816,0.864,-0.011,0.037,0.847,0.409
2025-10-25,12979.3,-0.222,-0.184,-0.012,0.026,0.843,0.373
2025-10-26,13154.23,1.348,1.389,-0.011,0.031,0.874,0.401
2025-10-27,13131.89,-0.17,-0.133,-0.011,0.026,0.876,0.373
2025-10-28,13014.5,-0.894,-0.86,-0.008,0.026,0.83,0.318
2025-10-29,12924.68,-0.69,-0.667,0.002,0.025,0.808,0.321
2025-10-30,12914.34,-0.08,0.01,-0.009,0.081,0.729,0.224
2025-10-31,12962.49,0.373,0.428,0.016,0.071,0.813,0.427
2025-11-01,13080.45,0.91,0.946,0.006,0.042,0.813,0.451
2025-11-02,13115.4,0.267,0.313,-0.001,0.045,0.805,0.309
2025-11-03,12954.03,-1.23,-1.088,0.004,0.147,0.929,0.176
2025-11-04,12940.61,-0.104,-0.029,0.006,0.081,0.909,0.342
2025-11-05,13187.36,1.907,1.993,0.003,0.089,0.916,0.585
2025-11-06,13027.78,-1.21,-1.137,0.002,0.075,0.791,0.24
2025-11-07,13168.87,1.083,1.148,0.007,0.072,0.802,0.369
2025-11-08,13109.58,-0.45,-0.404,-0.003,0.043,0.794,0.328
2025-11-09,13150.39,0.311,0.355,0.005,0.048,0.817,0.364
2025-11-10,13061.86,-0.673,-0.651,0.001,0.023,0.833,0.394
2025-11-11,12961.51,-0.768,-0.703,0.001,0.066,0.772,0.351
2025-11-12,12967.77,0.048,0.084,0.011,0.047,0.801,0.344
2025-11-13,12705.31,-2.024,-1.991,-0.002,0.032,0.822,0.315
2025-11-14,12467.46,-1.872,-1.805,0.0,0.068,0.764,0.185
2025-11-15,12489.33,0.175,0.243,0.002,0.07,0.773,0.354
2025-11-16,12365.68,-0.99,-0.925,-0.002,0.063,0.774,0.218
2025-11-17,12226.38,-1.127,-1.071,0.0,0.056,0.78,0.146
2025-11-18,12346.29,0.981,1.065,0.001,0.086,0.783,0.371
2025-11-19,12151.82,-1.575,-1.519,-0.0,0.056,0.751,0.261
2025-11-20,12026.28,-1.033,-0.973,0.001,0.061,0.749,0.251
2025-11-21,11878.7,-1.227,-1.161,0.002,0.069,0.742,0.115
2025-11-22,11904.06,0.213,0.26,0.009,0.056,0.762,0.194
2025-11-23,11936.05,0.269,0.34,-0.002,0.069,0.746,0.281
2025-11-24,12192.5,2.149,2.209,0.002,0.063,0.826,0.343
2025-11-25,12150.21,-0.347,-0.321,0.006,0.032,0.83,0.372
2025-11-26,12266.06,0.953,0.984,-0.002,0.028,0.871,0.401
2025-11-27,12288.44,0.182,0.209,0.003,0.029,0.856,0.38
2025-11-28,12214.27,-0.604,-0.572,0.002,0.034,0.83,0.374
2025-11-29,12158.49,-0.457,-0.432,0.004,0.029,0.805,0.327
2025-11-30,12210.16,0.425,0.469,-0.001,0.044,0.808,0.326
2025-12-01,11998.31,-1.735,-1.674,-0.001,0.06,0.817,0.228
2025-12-02,12094.77,0.804,0.874,0.002,0.072,0.859,0.36
2025-12-03,12395.2,2.484,2.523,-0.01,0.029,0.855,0.427
2025-12-04,12232.98,-1.309,-1.273,-0.007,0.028,0.849,0.386
2025-12-05,12113.69,-0.975,-0.937,-0.003,0.036,0.81,0.345
2025-12-06,12121.03,0.061,0.092,0.001,0.033,0.822,0.359
2025-12-07,12187.14,0.545,0.59,0.002,0.047,0.83,0.344
2025-12-08,12217.85,0.252,0.293,-0.003,0.038,0.847,0.365
2025-12-09,12353.92,1.114,1.149,-0.004,0.031,0.903,0.411
2025-12-10,12351.19,-0.022,0.02,0.002,0.044,0.834,0.319
2025-12-11,12281.62,-0.563,-0.504,-0.0,0.059,0.787,0.283
2025-12-12,12262.17,-0.158,-0.119,-0.007,0.032,0.799,0.287
2025-12-13,12276.11,0.114,0.152,-0.008,0.031,0.823,0.322
2025-12-14,12197.37,-0.641,-0.591,-0.004,0.046,0.786,0.252
2025-12-15,12165.83,-0.259,-0.207,0.006,0.057,0.761,0.211
2025-12-16,12216.03,0.413,0.468,0.004,0.06,0.81,0.244
2025-12-17,12167.65,-0.396,-0.315,0.008,0.088,0.718,0.047
2025-12-18,12012.12,-1.278,-1.228,0.005,0.056,0.765,0.026
2025-12-19,12171.67,1.328,1.428,0.007,0.107,0.803,0.342
2025-12-20,12132.5,-0.322,-0.281,-0.004,0.037,0.816,0.36
2025-12-21,12109.02,-0.193,-0.143,-0.009,0.041,0.817,0.331
2025-12-22,12157.73,0.402,0.441,-0.001,0.038,0.837,0.342
2025-12-23,12101.72,-0.461,-0.422,0.002,0.04,0.803,0.243
2025-12-24,12019.08,-0.683,-0.646,0.002,0.039,0.81,0.323
2025-12-25,11965.04,-0.45,-0.422,-0.003,0.025,0.807,0.301
2025-12-26,11936.22,-0.241,-0.216,0.001,0.025,0.814,0.322
2025-12-27,11949.16,0.108,0.138,-0.004,0.025,0.844,0.357
2025-12-28,11940.32,-0.074,-0.038,-0.008,0.029,0.877,0.391
2025-12-29,11868.88,-0.598,-0.574,-0.006,0.019,0.847,0.366
2025-12-30,11929.51,0.511,0.54,-0.008,0.021,0.847,0.377
2025-12-31,11879.52,-0.419,-0.379,-0.009,0.031,0.834,0.333
2026-01-01,11881.77,0.019,0.073,-0.007,0.047,0.871,0.443
2026-01-02,12004.07,1.029,1.077,-0.008,0.04,0.96,0.576
2026-01-03,12005.32,0.01,0.045,-0.01,0.024,0.965,0.583
2026-01-04,12021.53,0.135,0.164,-0.008,0.021,1.003,0.628
2026-01-05,12318.97,2.474,2.512,-0.012,0.026,1.037,0.638
2026-01-06,12322.31,0.027,0.061,-0.015,0.018,1.02,0.621
2026-01-07,12191.65,-1.06,-0.99,-0.016,0.054,0.824,0.46
2026-01-08,12167.89,-0.195,-0.141,-0.008,0.045,0.925,0.544
2026-01-09,12141.52,-0.217,-0.162,-0.017,0.037,0.919,0.576
2026-01-10,12192.69,0.421,0.477,-0.015,0.04,0.945,0.527
2026-01-11,12126.66,-0.542,-0.48,-0.009,0.053,0.982,0.587
2026-01-12,12074.08,-0.434,-0.375,-0.011,0.048,0.902,0.447
2026-01-13,12420.87,2.872,2.926,0.001,0.054,1.002,0.587
2026-01-14,12430.5,0.078,0.123,-0.008,0.037,1.018,0.582
2026-01-15,12334.04,-0.776,-0.714,-0.021,0.04,0.893,0.401
2026-01-16,12269.89,-0.52,-0.469,-0.005,0.045,0.956,0.523
2026-01-17,12340.86,0.578,0.632,-0.016,0.039,0.956,0.488
2026-01-18,12204.85,-1.102,-1.052,-0.015,0.035,0.907,0.418
2026-01-19,12075.7,-1.058,-1.006,-0.01,0.042,0.87,0.408
2026-01-20,11827.49,-2.055,-1.946,-0.001,0.109,0.697,-0.084
2026-01-21,11820.51,-0.059,0.067,-0.003,0.123,0.829,0.415
2026-01-22,11812.46,-0.068,0.002,-0.006,0.064,0.817,0.329
2026-01-23,11734.19,-0.663,-0.615,0.003,0.051,0.832,0.423
2026-01-24,11725.65,-0.073,-0.05,0.005,0.028,0.839,0.435
2026-01-25,11578.66,-1.254,-1.183,0.005,0.075,0.739,0.195
2026-01-26,11512.66,-0.57,-0.504,0.003,0.068,0.812,0.396
2026-01-27,11489.71,-0.199,-0.172,-0.005,0.023,0.828,0.437
2026-01-28,11425.53,-0.559,-0.525,-0.008,0.026,0.849,0.459
2026-01-29,11209.16,-1.894,-1.812,-0.001,0.08,0.784,0.264
2026-01-30,11174.48,-0.309,-0.248,0.013,0.074,0.784,0.165
2026-01-31,10951.12,-1.999,-1.93,0.009,0.078,0.819,0.024
2026-02-01,10890.07,-0.557,-0.475,0.0,0.083,0.795,0.125
2026-02-02,10943.95,0.495,0.573,0.008,0.087,0.812,0.368
2026-02-03,10750.14,-1.771,-1.69,0.002,0.083,0.758,0.175
2026-02-04,10620.16,-1.209,-1.15,0.003,0.062,0.765,0.204
2026-02-05,10239.23,-3.587,-3.48,-0.003,0.104,0.837,0.311
2026-02-06,10715.97,4.656,4.774,0.008,0.126,0.878,0.606
2026-02-07,10693.0,-0.214,-0.162,0.004,0.056,0.785,0.537
2026-02-08,10582.54,-1.033,-0.985,0.008,0.057,0.767,0.197
2026-02-09,10559.69,-0.216,-0.176,0.003,0.043,0.767,0.213
2026-02-10,10485.75,-0.7,-0.644,0.003,0.059,0.75,0.12
2026-02-11,10325.04,-1.533,-1.494,0.005,0.044,0.761,0.116
2026-02-12,10468.59,1.39,1.464,-0.005,0.069,0.771,0.22
2026-02-13,10562.7,0.899,0.931,-0.0,0.032,0.806,0.249
2026-02-14,10597.5,0.33,0.371,-0.005,0.036,0.837,0.321
2026-02-15,10504.28,-0.88,-0.803,-0.046,0.03,0.813,0.26
2026-02-16,10496.2,-0.077,-0.036,-0.015,0.026,0.807,0.291
2026-02-17,10459.33,-0.351,-0.312,-0.005,0.034,0.787,0.262
2026-02-18,10486.97,0.264,0.304,-0.001,0.038,0.774,0.237
2026-02-19,10456.4,-0.292,-0.26,0.01,0.041,0.781,0.259
2026-02-20,10543.27,0.831,0.87,-0.002,0.038,0.804,0.3
2026-02-21,10538.9,-0.041,-0.004,0.002,0.039,0.821,0.287
2026-02-22,10553.71,0.141,0.191,-0.003,0.047,0.787,0.254
2026-02-23,10505.86,-0.453,-0.382,0.005,0.076,0.768,0.229
2026-02-24,10524.97,0.182,0.267,-0.007,0.078,0.748,0.335
2026-02-25,11108.93,5.548,5.633,-0.011,0.073,0.803,0.354
2026-02-26,11080.23,-0.258,-0.206,-0.012,0.04,0.807,0.252
2026-02-27,10995.22,-0.767,-0.74,0.008,0.035,0.794,0.204
2026-02-28,10968.79,-0.24,-0.205,0.014,0.049,0.798,0.238
2026-03-01,10972.72,0.036,0.077,-0.002,0.039,0.807,0.221
2026-03-02,10930.27,-0.387,-0.351,0.001,0.036,0.833,0.278
2026-03-03,10848.5,-0.748,-0.709,-0.001,0.038,0.857,0.259
2026-03-04,11061.46,1.963,1.983,0.023,0.042,0.857,0.348
2026-03-05,10961.96,-0.9,-0.875,0.019,0.044,0.858,0.296
2026-03-06,10931.19,-0.281,-0.256,0.028,0.052,0.761,0.276
2026-03-07,10888.19,-0.393,-0.353,0.0,0.04,0.799,0.304
2026-03-08,10832.83,-0.508,-0.463,-0.004,0.041,0.811,0.362
2026-03-09,10967.03,1.239,1.282,-0.003,0.041,0.838,0.369
2026-03-10,10984.15,0.156,0.168,0.002,0.014,0.855,0.407
2026-03-11,11007.95,0.217,0.234,0.009,0.027,0.884,0.391
2026-03-12,10945.91,-0.564,-0.536,0.001,0.028,0.866,0.412
2026-03-13,11016.14,0.642,0.687,-0.016,0.029,0.898,0.413
2026-03-14,10991.28,-0.226,-0.208,0.005,0.023,0.849,0.383
2026-03-15,11089.16,0.891,0.94,-0.022,0.027,0.895,0.43
2026-03-16,11172.91,0.755,0.81,-0.019,0.036,0.946,0.478
2026-03-17,11080.92,-0.823,-0.8,0.001,0.024,0.929,0.438
2026-03-18,10897.07,-1.659,-1.634,0.003,0.029,0.883,0.365
2026-03-19,10886.98,-0.093,-0.056,-0.001,0.035,0.849,0.283
2026-03-20,10945.85,0.541,0.564,0.009,0.033,0.85,0.316
2026-03-21,10836.2,-1.002,-0.977,0.004,0.029,0.829,0.299
2026-03-22,10792.25,-0.406,-0.37,0.015,0.051,0.802,0.231
2026-03-23,11000.49,1.93,1.988,0.003,0.062,0.832,0.336
2026-03-24,10894.82,-0.961,-0.94,0.001,0.021,0.839,0.348
2026-03-25,10930.81,0.33,0.373,-0.014,0.028,0.862,0.395
2026-03-26,10775.26,-1.423,-1.385,0.007,0.045,0.816,0.264
2026-03-27,10737.51,-0.35,-0.302,0.012,0.06,0.771,0.242
2026-03-28,10725.65,-0.11,-0.062,0.012,0.06,0.797,0.328
2026-03-29,10679.68,-0.429,-0.397,0.005,0.036,0.8,0.333
2026-03-30,10735.27,0.521,0.574,-0.002,0.052,0.837,0.361
2026-03-31,10759.61,0.227,0.255,0.003,0.031,0.831,0.384
2026-04-01,10694.96,-0.601,-0.562,-0.001,0.037,0.841,0.388
2026-04-02,10547.03,-1.383,-1.345,0.003,0.041,0.801,0.287
2026-04-03,10598.78,0.491,0.533,0.001,0.043,0.826,0.362
2026-04-04,10585.23,-0.128,-0.103,0.002,0.026,0.849,0.383
2026-04-05,10646.08,0.575,0.582,0.013,0.02,0.9,0.433
2026-04-06,10610.27,-0.336,-0.31,-0.003,0.024,0.894,0.409
2026-04-07,10694.4,0.793,0.839,0.001,0.048,0.953,0.531
2026-04-08,10550.91,-1.342,-1.291,-0.015,0.036,0.932,0.481
2026-04-09,10596.35,0.431,0.464,-0.002,0.031,0.917,0.528
2026-04-10,10674.91,0.741,0.769,-0.006,0.021,0.96,0.601
2026-04-11,10658.85,-0.15,-0.117,-0.011,0.022,0.952,0.629
2026-04-12,10458.51,-1.88,-1.843,0.003,0.04,0.877,0.439
2026-04-13,10651.14,1.842,1.887,0.001,0.046,0.899,0.482
2026-04-14,10654.4,0.031,0.07,0.0,0.04,0.921,0.443
2026-04-15,10712.51,0.545,0.576,0.006,0.037,0.967,0.543
2026-04-16,10797.66,0.795,0.823,-0.008,0.021,1.013,0.583
2026-04-17,10910.88,1.049,1.088,-0.01,0.029,1.082,0.662
2026-04-18,10798.88,-1.026,-0.981,0.002,0.048,1.022,0.604
2026-04-19,10700.29,-0.913,-0.865,0.009,0.057,0.869,0.433
2026-04-20,10796.73,0.901,0.953,0.009,0.06,0.929,0.544
2026-04-21,10845.32,0.45,0.491,-0.011,0.03,0.944,0.514
2026-04-22,10901.48,0.518,0.559,-0.009,0.032,1.019,0.554
2026-04-23,10868.08,-0.306,-0.273,-0.002,0.031,0.997,0.567
2026-04-24,10867.21,-0.008,0.021,-0.01,0.019,0.997,0.552
2026-04-25,10818.8,-0.445,-0.416,-0.005,0.025,0.978,0.54
2026-04-26,10830.73,0.11,0.155,-0.004,0.041,1.022,0.604
2026-04-27,10723.01,-0.995,-0.948,-0.003,0.044,0.929,0.5
2026-04-28,10669.81,-0.496,-0.46,-0.004,0.033,0.911,0.457
2026-04-29,10677.67,0.074,0.114,-0.003,0.038,0.837,0.439
2026-04-30,10685.39,0.072,0.109,-0.001,0.036,0.844,0.423
2026-05-01,10710.69,0.237,0.276,0.001,0.04,0.872,0.507
2026-05-02,10723.44,0.119,0.156,-0.006,0.03,0.944,0.554
2026-05-03,10691.38,-0.299,-0.272,-0.007,0.02,0.927,0.536
2026-05-04,10734.53,0.404,0.439,-0.006,0.029,0.957,0.586
2026-05-05,10795.1,0.564,0.598,-0.006,0.028,1.049,0.665
2026-05-06,10828.83,0.312,0.354,-0.005,0.036,1.085,0.677
2026-05-07,10642.57,-1.72,-1.69,-0.008,0.022,1.039,0.615
2026-05-08,10733.95,0.859,0.891,-0.007,0.025,1.079,0.695
2026-05-09,10757.27,0.217,0.259,-0.011,0.031,1.085,0.657
2026-05-10,10990.15,2.165,2.213,-0.012,0.035,1.145,0.755
2026-05-11,10950.73,-0.359,-0.311,-0.018,0.03,1.119,0.679
2026-05-12,10838.05,-1.029,-0.987,-0.007,0.035,1.016,0.557
2026-05-13,10836.49,-0.014,0.028,-0.004,0.038,1.039,0.612
2026-05-14,11003.75,1.543,1.599,-0.007,0.048,1.091,0.715
2026-05-15,10837.49,-1.511,-1.446,-0.011,0.054,0.956,0.507
2026-05-16,10713.08,-1.148,-1.096,0.005,0.056,0.892,0.428
2026-05-17,10610.28,-0.96,-0.909,-0.001,0.049,0.923,0.474
2026-05-18,10485.08,-1.18,-1.143,0.001,0.038,0.929,0.548
2026-05-19,10342.99,-1.355,-1.331,-0.006,0.018,0.933,0.55
2026-05-20,10308.5,-0.333,-0.297,-0.013,0.023,0.949,0.589
2026-05-21,10278.63,-0.29,-0.257,-0.014,0.019,0.985,0.634
2026-05-22,10145.84,-1.292,-1.239,-0.013,0.04,0.91,0.552
2026-05-23,10172.96,0.267,0.295,0.012,0.04,0.883,0.601
2026-05-24,10145.42,-0.271,-0.251,-0.004,0.015,0.905,0.617
2026-05-25,10153.47,0.079,0.106,-0.005,0.022,0.901,0.575
2026-05-26,10100.73,-0.519,-0.48,-0.005,0.034,0.873,0.541
2026-05-27,10039.99,-0.601,-0.569,-0.002,0.03,0.892,0.491
2026-05-28,10077.72,0.376,0.432,0.008,0.064,0.83,0.477
2026-05-29,10037.04,-0.404,-0.336,-0.004,0.064,0.884,0.574
2026-05-30,10250.69,2.129,2.17,-0.003,0.038,0.896,0.593
2026-05-31,10200.22,-0.492,-0.467,-0.008,0.018,0.888,0.559
2026-06-01,10037.2,-1.598,-1.559,-0.011,0.028,0.864,0.487
2026-06-02,9554.0,-4.814,-4.76,0.001,0.055,0.823,0.444
2026-06-03,9447.32,-1.117,-1.094,0.012,0.035,0.854,0.511
2026-06-04,9421.79,-0.27,-0.161,0.0,0.109,0.892,0.439
2026-06-05,9084.78,-3.577,-3.508,0.01,0.079,0.891,0.5
2026-06-06,9000.9,-0.923,-0.866,0.022,0.079,1.034,0.509
2026-06-07,9350.56,3.885,3.991,0.003,0.109,0.924,0.652
2026-06-08,9407.82,0.612,0.658,-0.005,0.041,0.833,0.48
2026-06-09,9347.95,-0.636,-0.593,-0.008,0.035,0.824,0.425
2026-06-10,9315.72,-0.345,-0.255,0.003,0.092,0.795,0.227
2026-06-11,9476.24,1.723,1.809,-0.005,0.081,0.816,0.519
2026-06-12,9495.48,0.203,0.254,-0.009,0.043,0.874,0.469
2026-06-13,9639.02,1.512,1.556,-0.001,0.043,0.846,0.474
2026-06-14,9732.49,0.97,0.996,-0.0,0.026,0.908,0.538
2026-06-15,9824.7,0.947,0.971,-0.0,0.023,0.92,0.539
2026-06-16,9718.52,-1.081,-1.06,-0.0,0.021,0.895,0.5
2026-06-17,9594.83,-1.273,-1.235,-0.002,0.036,0.855,0.45
2026-06-18,9476.31,-1.235,-1.206,0.003,0.032,0.812,0.413
2026-06-19,9501.95,0.271,0.316,-0.012,0.034,0.804,0.425
2026-06-20,9546.56,0.47,0.507,-0.01,0.027,0.828,0.459
2026-06-21,9437.25,-1.145,-1.104,-0.004,0.037,0.85,0.429
2026-06-22,9474.47,0.394,0.423,-0.001,0.028,0.845,0.451
2026-06-23,9352.27,-1.29,-1.251,0.002,0.041,0.835,0.339
2026-06-24,9241.92,-1.18,-1.137,-0.001,0.042,0.827,0.337
2026-06-25,9115.26,-1.371,-1.346,0.009,0.034,0.827,0.338
2026-06-26,9042.39,-0.799,-0.753,0.004,0.05,0.831,0.415
2026-06-27,9025.32,-0.189,-0.151,0.006,0.044,0.826,0.328
2026-06-28,9005.59,-0.219,-0.175,0.004,0.048,0.814,0.375
2026-06-29,8995.6,-0.111,-0.084,0.002,0.028,0.857,0.453
2026-06-30,8954.84,-0.453,-0.407,-0.002,0.044,0.803,0.395
2026-07-01,9048.04,1.041,1.079,-0.003,0.035,0.843,0.468
2026-07-02,9157.71,1.212,1.247,-0.008,0.027,0.902,0.546
2026-07-03,9359.41,2.202,2.249,-0.01,0.037,0.908,0.527
2026-07-04,9428.45,0.738,0.77,-0.014,0.018,0.913,0.515
2026-07-05,9442.2,0.146,0.18,-0.015,0.019,0.908,0.535
2026-07-06,9401.45,-0.432,-0.393,-0.015,0.023,0.908,0.485
2026-07-07,9345.46,-0.596,-0.532,-0.013,0.051,0.894,0.478
2026-07-08,9270.08,-0.807,-0.761,-0.004,0.042,0.852,0.423
2026-07-09,9290.61,0.221,0.267,-0.009,0.036,0.865,0.476
2026-07-10,9347.84,0.616,0.658,-0.011,0.031,0.895,0.47
2026-07-11,9293.36,-0.583,-0.546,-0.012,0.025,0.922,0.489
2026-07-12,9262.54,-0.332,-0.296,-0.009,0.027,0.904,0.489
2026-07-13,9216.0,-0.502,-0.454,-0.01,0.038,0.908,0.436
2026-07-14,9404.02,2.04,2.104,-0.007,0.057,0.922,0.553
2026-07-15,9444.04,0.426,0.475,-0.016,0.033,0.979,0.549
2026-07-16,9379.58,-0.683,-0.637,-0.012,0.034,0.905,0.424
2026-07-17,9390.28,0.114,0.139,0.004,0.029,0.886,0.445
2026-07-18,9417.76,0.293,0.324,-0.002,0.03,0.913,0.493
2026-07-19,9410.58,-0.076,-0.043,-0.004,0.029,0.961,0.529
2026-07-20,9461.34,0.539,0.581,-0.011,0.03,1.014,0.62
2026-07-21,9519.84,0.618,0.659,-0.012,0.029,1.038,0.634
2026-07-22,9521.7,0.02,0.047,-0.009,0.018,0.993,0.585
2026-07-23,9392.11,-1.361,-1.322,-0.005,0.034,0.92,0.473
2026-07-24,9320.11,-0.767,-0.728,-0.002,0.036,0.896,0.427
2026-07-25,9339.24,0.205,0.239,0.002,0.036,0.882,0.484
2026-07-26,9407.55,0.731,0.768,-0.007,0.03,0.984,0.597
2026-07-27,9206.27,-2.14,-2.101,-0.005,0.034,0.9,0.457
2026-07-28,9264.88,0.637,0.661,0.004,0.028,0.9,0.505
2026-07-29,9309.34,0.48,0.514,-0.004,0.031,0.879,0.456
2026-07-30,9407.92,1.059,1.105,-0.004,0.041,0.927,0.538
2026-07-31,9302.63,-1.119,-1.076,-0.0,0.043,0.902,0.44
2026-08-01,9266.16,-0.392,-0.362,0.002,0.032,0.875,0.453
2026-08-02,9357.24,0.983,1.024,-0.006,0.035,0.894,0.524
2026-08-03,9302.83,-0.581,-0.538,-0.011,0.032,0.914,0.518
2026-08-04,9295.03,-0.084,-0.045,-0.009,0.029,0.948,0.53
2026-08-05,9318.74,0.255,0.288,-0.006,0.026,0.957,0.547
2026-08-06,9269.8,-0.525,-0.505,-0.003,0.017,0.965,0.553
2026-08-07,9314.71,0.484,0.512,-0.001,0.026,0.977,0.556
2026-08-08,9378.13,0.681,0.719,-0.007,0.032,0.977,0.582
2026-08-09,9328.87,-0.525,-0.483,-0.013,0.029,0.993,0.559
2026-08-10,9220.52,-1.161,-1.124,-0.014,0.023,0.943,0.518
2026-08-11,9314.44,1.019,1.055,-0.01,0.026,0.961,0.496
2026-08-12,9227.99,-0.928,-0.889,-0.003,0.036,0.936,0.466
2026-08-13,9232.39,0.048,0.081,-0.008,0.025,0.936,0.533
2026-08-14,9200.32,-0.347,-0.319,-0.004,0.024,0.947,0.506
2026-08-15,9206.17,0.064,0.103,-0.004,0.035,0.92,0.525
2026-08-16,9163.63,-0.462,-0.451,0.005,0.016,0.918,0.503
2026-08-17,9234.75,0.776,0.814,-0.001,0.037,1.006,0.593
2026-08-18,9208.9,-0.28,-0.253,-0.003,0.024,1.011,0.576
2026-08-19,9654.64,4.84,4.902,-0.009,0.052,1.055,0.627
2026-08-20,9903.11,2.574,2.629,-0.014,0.041,1.021,0.615
2026-08-21,10382.92,4.845,4.925,-0.039,0.041,1.037,0.581
2026-08-22,10178.11,-1.973,-1.869,-0.072,0.032,1.029,0.54
2026-08-23,10212.45,0.337,0.391,-0.025,0.029,1.015,0.566
2026-08-24,10281.19,0.673,0.725,-0.019,0.033,0.999,0.474
2026-08-25,10127.0,-1.5,-1.456,-0.006,0.038,0.974,0.393
2026-08-26,10207.45,0.794,0.859,-0.008,0.057,0.967,0.515
2026-08-27,10283.03,0.74,0.774,-0.012,0.022,0.988,0.536
2026-08-28,10139.58,-1.395,-1.331,-0.011,0.053,0.949,0.36
2026-08-29,10132.31,-0.072,-0.028,0.007,0.051,0.948,0.484
2026-08-30,10028.12,-1.028,-0.971,-0.008,0.049,0.887,0.347
2026-08-31,10080.4,0.521,0.562,0.01,0.051,0.926,0.465
2026-09-01,9990.49,-0.892,-0.848,-0.009,0.034,0.912,0.422
2026-09-02,9999.63,0.091,0.129,-0.004,0.034,0.897,0.402
2026-09-03,10097.38,0.978,1.026,-0.01,0.038,0.988,0.543
2026-09-04,9998.32,-0.981,-0.922,-0.02,0.039,0.983,0.484
2026-09-05,10164.67,1.664,1.717,-0.014,0.039,0.983,0.519
2026-09-06,10293.61,1.268,1.319,-0.014,0.036,0.981,0.514
2026-09-07,10285.88,-0.075,-0.019,-0.013,0.043,0.962,0.461
2026-09-08,10271.84,-0.137,-0.104,-0.005,0.028,0.941,0.489
2026-09-09,10220.15,-0.503,-0.455,-0.004,0.044,0.926,0.396
2026-09-10,10158.94,-0.599,-0.547,-0.003,0.049,0.894,0.426
2026-09-11,10311.95,1.506,1.564,-0.006,0.052,0.881,0.53
2026-09-12,10287.42,-0.238,-0.197,-0.009,0.033,0.927,0.504
2026-09-13,10249.77,-0.366,-0.318,-0.005,0.043,0.888,0.391
2026-09-14,10311.75,0.605,0.658,-0.008,0.045,0.911,0.486
2026-09-15,10074.72,-2.299,-2.257,-0.001,0.04,0.847,0.377
2026-09-16,10008.82,-0.654,-0.613,0.001,0.042,0.852,0.433
2026-09-17,9982.61,-0.262,-0.229,-0.008,0.025,0.865,0.443
2026-09-18,10223.95,2.418,2.477,-0.025,0.035,0.958,0.552
2026-09-19,10315.71,0.898,0.952,-0.017,0.038,0.993,0.555
2026-09-20,10280.08,-0.345,-0.311,-0.011,0.024,0.984,0.637
2026-09-21,10653.81,3.636,3.704,-0.038,0.03,1.022,0.649
2026-09-22,10623.5,-0.284,-0.238,-0.021,0.025,1.007,0.615
2026-09-23,10458.0,-1.558,-1.49,-0.022,0.046,0.952,0.564
2026-09-24,10566.53,1.038,1.096,-0.012,0.046,0.995,0.624
2026-09-25,10638.48,0.681,0.724,-0.022,0.021,1.016,0.65
