day,coin,change
2026-09-25,AAVE,0.0305
2026-09-25,ADA,0.0519
2026-09-25,ARB,-0.0133
2026-09-25,AVAX,0.0193
2026-09-25,BNB,0.1267
2026-09-25,BTC,0.1161
2026-09-25,CASHCAT,0.019
2026-09-25,CRV,0.0115
2026-09-25,DOGE,0.034
2026-09-25,ENA,-0.0229
2026-09-25,ETH,0.1156
2026-09-25,FARTCOIN,-0.0245
2026-09-25,HYPE,0.0426
2026-09-25,LINK,0.0564
2026-09-25,LIT,0.0024
2026-09-25,LTC,0.0299
2026-09-25,NEAR,-0.0268
2026-09-25,ONDO,-0.0188
2026-09-25,PUMP,-0.0091
2026-09-25,SOL,0.0738
2026-09-25,SUI,-0.0127
2026-09-25,TAO,-0.0163
2026-09-25,UNI,-0.0128
2026-09-25,VVV,-0.0134
2026-09-25,WLD,-0.0023
2026-09-25,XMR,0.0234
2026-09-25,XPL,-0.0064
2026-09-25,XRP,0.0426
2026-09-25,ZEC,-0.0037
2026-09-25,kPEPE,0.0375
2026-09-26,AAVE,0.0035
2026-09-26,ADA,-0.0007
2026-09-26,ARB,0.0067
2026-09-26,AVAX,-0.009
2026-09-26,BNB,-0.0109
2026-09-26,BTC,-0.0002
2026-09-26,CASHCAT,-0.0372
2026-09-26,CRV,-0.003
2026-09-26,DOGE,-0.0022
2026-09-26,ENA,0.003
2026-09-26,ETH,0.0052
2026-09-26,FARTCOIN,0.0091
2026-09-26,HYPE,0.0038
2026-09-26,LINK,-0.0181
2026-09-26,LIT,0.0148
2026-09-26,NEAR,0.0002
2026-09-26,ONDO,0.0188
2026-09-26,PUMP,-0.0088
2026-09-26,SOL,-0.0008
2026-09-26,SUI,0.0077
2026-09-26,TAO,-0.0096
2026-09-26,UNI,-0.0063
2026-09-26,VVV,0.0075
2026-09-26,WLD,-0.0253
2026-09-26,XRP,0.0032
2026-09-26,ZEC,-0.0073
2026-09-26,kPEPE,-0.035
2026-09-27,AAVE,0.004
2026-09-27,ADA,-0.0336
2026-09-27,ARB,-0.0025
2026-09-27,AVAX,0.0132
2026-09-27,BNB,0.0029
2026-09-27,BTC,0.0086
2026-09-27,CASHCAT,0.0001
2026-09-27,CRV,-0.0086
2026-09-27,DOGE,0.0055
2026-09-27,ENA,0.0002
2026-09-27,ETH,0.0009
2026-09-27,FARTCOIN,0.0021
2026-09-27,LINK,0.0091
2026-09-27,LIT,-0.0075
2026-09-27,LTC,0.0084
2026-09-27,ONDO,-0.0247
2026-09-27,PUMP,0.002
2026-09-27,SOL,-0.0008
2026-09-27,SUI,-0.0072
2026-09-27,TAO,0.0188
2026-09-27,TRUMP,0.0056
2026-09-27,UNI,0.0169
2026-09-27,WLD,-0.0002
2026-09-27,XMR,0.0109
2026-09-27,XPL,0.0022
2026-09-27,XRP,-0.0015
2026-09-27,ZEC,-0.005
2026-09-28,AAVE,0.0136
2026-09-28,ADA,-0.0041
2026-09-28,ARB,0.0038
2026-09-28,AVAX,-0.0015
2026-09-28,BNB,-0.0148
2026-09-28,BTC,-0.0337
2026-09-28,CASHCAT,-0.001
2026-09-28,CRV,-0.0353
2026-09-28,DOGE,0.0109
2026-09-28,ENA,0.0095
2026-09-28,ETH,-0.0275
2026-09-28,FARTCOIN,-0.0019
2026-09-28,HYPE,0.0094
2026-09-28,LINK,-0.0527
2026-09-28,LIT,0.0105
2026-09-28,LTC,-0.0091
2026-09-28,NEAR,0.0003
2026-09-28,ONDO,0.0181
2026-09-28,PUMP,-0.0055
2026-09-28,SOL,0.0166
2026-09-28,SUI,0.0147
2026-09-28,TAO,0.0046
2026-09-28,TRUMP,0.0119
2026-09-28,UNI,0.0063
2026-09-28,VVV,0.0028
2026-09-28,WLD,0.007
2026-09-28,XMR,-0.0344
2026-09-28,XPL,-0.0193
2026-09-28,XRP,-0.0123
2026-09-28,ZEC,0.005
2026-09-28,kPEPE,0.0156
2026-09-29,AAVE,-0.048
2026-09-29,ADA,0.0428
2026-09-29,ARB,-0.009
2026-09-29,AVAX,-0.0181
2026-09-29,BNB,0.0042
2026-09-29,BTC,0.0343
2026-09-29,CASHCAT,0.0033
2026-09-29,CRV,0.0123
2026-09-29,DOGE,-0.0107
2026-09-29,ENA,0.0001
2026-09-29,ETH,0.0056
2026-09-29,FARTCOIN,-0.0042
2026-09-29,HYPE,-0.0165
2026-09-29,LINK,0.0155
2026-09-29,LIT,-0.0111
2026-09-29,LTC,0.008
2026-09-29,NEAR,-0.0014
2026-09-29,ONDO,0.0045
2026-09-29,PUMP,-0.0038
2026-09-29,SOL,-0.0066
2026-09-29,SUI,-0.0025
2026-09-29,TAO,0.0145
2026-09-29,TRUMP,-0.0175
2026-09-29,UNI,-0.0252
2026-09-29,VVV,0.0061
2026-09-29,WLD,0.0073
2026-09-29,XMR,0.0354
2026-09-29,XPL,0.009
2026-09-29,XRP,0.0111
2026-09-29,ZEC,0.0075
2026-09-29,kPEPE,-0.0103
2026-09-30,AAVE,0.007
2026-09-30,ADA,-0.0425
2026-09-30,ARB,0.0055
2026-09-30,AVAX,0.0111
2026-09-30,BNB,0.0105
2026-09-30,BTC,0.005
2026-09-30,CASHCAT,-0.0029
2026-09-30,CRV,0.0164
2026-09-30,DOGE,0.0126
2026-09-30,ENA,-0.0122
2026-09-30,ETH,0.0045
2026-09-30,FARTCOIN,0.0107
2026-09-30,HYPE,-0.0117
2026-09-30,LINK,0.021
2026-09-30,LIT,-0.0092
2026-09-30,LTC,0.0002
2026-09-30,NEAR,0.002
2026-09-30,ONDO,-0.0043
2026-09-30,PUMP,0.0017
2026-09-30,SOL,-0.004
2026-09-30,SUI,0.0049
2026-09-30,TAO,0.0001
2026-09-30,UNI,0.0188
2026-09-30,VVV,-0.015
2026-09-30,WLD,-0.0085
2026-09-30,XMR,-0.0019
2026-09-30,XPL,-0.0001
2026-09-30,XRP,0.0119
2026-09-30,ZEC,-0.0125
2026-09-30,ZRO,-0.0126
2026-09-30,kPEPE,0.0158
2026-10-01,AAVE,-0.0269
2026-10-01,ADA,0.002
2026-10-01,ARB,0.0059
2026-10-01,AVAX,0.001
2026-10-01,BNB,-0.0017
2026-10-01,BTC,-0.0079
2026-10-01,CASHCAT,0.0002
2026-10-01,CRV,-0.007
2026-10-01,DOGE,-0.0062
2026-10-01,ENA,0.005
2026-10-01,ETH,0.0255
2026-10-01,FARTCOIN,-0.0083
2026-10-01,HYPE,0.0026
2026-10-01,LINK,0.0074
2026-10-01,LIT,-0.0022
2026-10-01,LTC,0.0014
2026-10-01,NEAR,0.0073
2026-10-01,ONDO,0.0086
2026-10-01,PUMP,-0.0012
2026-10-01,SOL,-0.007
2026-10-01,SUI,-0.0049
2026-10-01,TAO,-0.0026
2026-10-01,UNI,-0.0043
2026-10-01,VVV,0.0192
2026-10-01,WLD,0.0095
2026-10-01,XMR,0.0078
2026-10-01,XPL,-0.0097
2026-10-01,XRP,0.0012
2026-10-01,ZEC,0.0041
2026-10-01,ZRO,-0.0144
2026-10-01,kPEPE,-0.0159
2026-10-02,AAVE,0.0033
2026-10-02,ADA,-0.004
2026-10-02,ARB,-0.0059
2026-10-02,AVAX,0.0095
2026-10-02,BNB,-0.0121
2026-10-02,BTC,0.0176
2026-10-02,CASHCAT,0.0231
2026-10-02,CRV,0.0171
2026-10-02,DOGE,0.0016
2026-10-02,ENA,0.0114
2026-10-02,ETH,-0.0129
2026-10-02,FARTCOIN,-0.0091
2026-10-02,HYPE,-0.0606
2026-10-02,LINK,0.0009
2026-10-02,LIT,-0.0203
2026-10-02,LTC,-0.01
2026-10-02,NEAR,0.0165
2026-10-02,ONDO,-0.0021
2026-10-02,PUMP,0.0075
2026-10-02,SOL,0.0073
2026-10-02,SUI,0.0095
2026-10-02,TAO,0.0024
2026-10-02,UNI,0.0021
2026-10-02,VVV,-0.0262
2026-10-02,WLD,-0.0164
2026-10-02,XMR,-0.0161
2026-10-02,XPL,0.0141
2026-10-02,XRP,-0.0018
2026-10-02,kPEPE,0.0152
2026-10-03,AAVE,0.0195
2026-10-03,ADA,0.0012
2026-10-03,ARB,-0.0014
2026-10-03,AVAX,-0.0086
2026-10-03,BNB,0.0169
2026-10-03,BTC,0.006
2026-10-03,CASHCAT,-0.0237
2026-10-03,CRV,0.0099
2026-10-03,DOGE,0.0012
2026-10-03,ENA,-0.0119
2026-10-03,ETH,0.0059
2026-10-03,FARTCOIN,0.0154
2026-10-03,HYPE,0.0578
2026-10-03,LINK,0.0002
2026-10-03,LIT,0.0175
2026-10-03,LTC,0.0137
2026-10-03,NEAR,-0.0177
2026-10-03,ONDO,-0.0021
2026-10-03,PUMP,-0.0072
2026-10-03,SOL,-0.0007
2026-10-03,SUI,-0.0165
2026-10-03,TAO,-0.0211
2026-10-03,UNI,0.0043
2026-10-03,VVV,0.0076
2026-10-03,WLD,0.0049
2026-10-03,XMR,-0.0042
2026-10-03,XPL,0.0123
2026-10-03,XRP,0.0022
2026-10-03,ZEC,0.0014
2026-10-03,ZRO,0.0039
